Retz	original	morton	x-axis	shuffled	morton-shuffled
GL_POINTS	31.6869	32.2143	22.9573	30.6399	8.20736	
atomicMin	5.03731	5.08869	4.27369	8.97899	3.74764	
early-z	3.83001	3.76686	5.09133	6.06067	3.46207	
ballot	4.91034	4.83676	4.30766	8.52181	3.67651	
(early-z, ballot)	3.33747	3.28898	5.05585	5.39227	3.3388	
just-set	2.94912	2.89686	4.63818	4.19475	3.23441	
HQS	8.39543	8.5283	9.48029	15.9862	7.13143	
1 atomic	7.29797	7.09654	8.72774	14.1686	6.68276	
undefined	6.93636	6.8823	8.60612	13.1539	6.65245	